{"init_keypoint_positions": [[-0.32191076584846345, -0.25942926294226165, 0.871305205594034], [-0.3049211013141919, -0.1709259689169882, 0.7100311540064276], [-0.2951463656663811, -0.07799509623616278, 0.7098449434142388], [-0.2446480153795201, 0.10570325816516368, 0.7236379450361954], [-0.3602308032636824, 0.18708429731257684, 0.7137471232641805], [-0.22880443676727122, 0.17273635845492755, 0.8097312329458072]], "num_keypoints": 6, "num_stages": 3, "grasp_keypoints": [1, -1, -1], "release_keypoints": [-1, -1, 1]}